Buffer Size Network.node[0].lnk[0] (#0 - General-0-20190604-21:23:33-8154),,Buffer Size Network.node[7].lnk[0] (#0 - General-0-20190604-21:23:33-8154),,Buffer Size Network.node[6].lnk[0] (#0 - General-0-20190604-21:23:33-8154),,Buffer Size Network.node[5].lnk[0] (#0 - General-0-20190604-21:23:33-8154),,Buffer Size Network.node[4].lnk[0] (#0 - General-0-20190604-21:23:33-8154),,Buffer Size Network.node[3].lnk[0] (#0 - General-0-20190604-21:23:33-8154),,Buffer Size Network.node[2].lnk[0] (#0 - General-0-20190604-21:23:33-8154),,Buffer Size Network.node[1].lnk[0] (#0 - General-0-20190604-21:23:33-8154),
0.898560388484,1,0.898660388484,1,0.898760388484,1,0.899060388484,1,0.899160388484,1,0.899260388484,1,0.899360388484,1,0.899460388484,1
0.898560388484,0,0.898660388484,0,0.898760388484,0,0.899060388484,0,0.899160388484,0,0.899260388484,0,0.899360388484,0,0.899460388484,0
0.899160388484,1,1.899260388484,1,2.899360388484,1,1.859904212075,1,1.860004212075,1,1.860104212075,1,1.859604212075,1,1.859704212075,1
0.899160388484,0,1.899260388484,0,2.899360388484,0,1.859904212075,0,1.860004212075,0,1.860104212075,0,1.859604212075,0,1.859704212075,0
1.821783519955,1,2.899260388484,1,3.899360388484,1,,,,,,,,,,
1.859804212075,2,2.899260388484,2,3.899360388484,2,,,,,,,,,,
1.899160388484,1,2.899260388484,1,3.899360388484,1,,,,,,,,,,
2.899160388484,0,3.899260388484,0,4.899360388484,0,,,,,,,,,,
3.773328855839,1,4.773428855839,1,5.773528855839,1,,,,,,,,,,
3.773328855839,0,4.773428855839,0,5.773528855839,0,,,,,,,,,,
4.324377342509,1,5.773428855839,1,6.773528855839,1,,,,,,,,,,
4.773328855839,0,5.773428855839,0,6.773528855839,0,,,,,,,,,,
5.301383768902,1,6.773428855839,1,7.773528855839,1,,,,,,,,,,
5.773328855839,0,6.773428855839,0,7.773528855839,0,,,,,,,,,,
5.786511932624,1,7.773428855839,1,8.773528855839,1,,,,,,,,,,
6.139671071762,2,7.773428855839,0,8.773528855839,0,,,,,,,,,,
6.198055740855,3,8.773428855839,1,9.773528855839,1,,,,,,,,,,
6.773328855839,2,8.773428855839,0,9.773528855839,0,,,,,,,,,,
7.773328855839,1,9.773428855839,1,10.773528855839,1,,,,,,,,,,
8.773328855839,0,9.773428855839,0,10.773528855839,0,,,,,,,,,,
9.512968020783,1,10.773428855839,1,11.773528855839,1,,,,,,,,,,
9.773328855839,0,10.773428855839,0,11.773528855839,0,,,,,,,,,,
11.081864138406,1,12.081964138406,1,13.082064138406,1,,,,,,,,,,
11.081864138406,0,12.081964138406,0,13.082064138406,0,,,,,,,,,,
11.834538251719,1,13.081964138406,1,14.082064138406,1,,,,,,,,,,
12.081864138406,0,13.081964138406,0,14.082064138406,0,,,,,,,,,,
12.673971104619,1,14.081964138406,1,15.082064138406,1,,,,,,,,,,
13.081864138406,0,14.081964138406,0,15.082064138406,0,,,,,,,,,,
14.482340368894,1,15.482440368894,1,16.482540368894,1,,,,,,,,,,
14.482340368894,0,15.482440368894,0,16.482540368894,0,,,,,,,,,,
14.556025724359,1,16.482440368894,1,17.482540368894,1,,,,,,,,,,
14.967603720602,2,16.482440368894,0,17.482540368894,0,,,,,,,,,,
15.058764746726,3,17.482440368894,1,18.482540368894,1,,,,,,,,,,
15.482340368894,2,17.482440368894,0,18.482540368894,0,,,,,,,,,,
16.103377255034,3,18.482440368894,1,19.482540368894,1,,,,,,,,,,
16.482340368894,2,18.482440368894,0,19.482540368894,0,,,,,,,,,,
17.482340368894,1,19.482440368894,1,20.482540368894,1,,,,,,,,,,
18.482340368894,0,19.482440368894,0,20.482540368894,0,,,,,,,,,,
19.25354718371,1,20.482440368894,1,21.482540368894,1,,,,,,,,,,
19.482340368894,0,20.482440368894,0,21.482540368894,0,,,,,,,,,,
21.294439399622,1,22.294539399622,1,23.294639399622,1,,,,,,,,,,
21.294439399622,0,22.294539399622,0,23.294639399622,0,,,,,,,,,,
21.9361485723,1,23.294539399622,1,24.294639399622,1,,,,,,,,,,
22.294439399622,0,23.294539399622,0,24.294639399622,0,,,,,,,,,,
23.541388129362,1,24.541488129362,1,25.541588129362,1,,,,,,,,,,
23.541388129362,0,24.541488129362,0,25.541588129362,0,,,,,,,,,,
25.155390204255,1,26.155490204255,1,27.155590204255,1,,,,,,,,,,
25.155390204255,0,26.155490204255,0,27.155590204255,0,,,,,,,,,,
25.890354625445,1,27.155490204255,1,28.155590204255,1,,,,,,,,,,
26.155390204255,0,27.155490204255,0,28.155590204255,0,,,,,,,,,,
27.026293567155,1,28.155490204255,1,29.155590204255,1,,,,,,,,,,
27.152167976593,2,28.155490204255,0,29.155590204255,0,,,,,,,,,,
27.155390204255,1,29.155490204255,1,30.155590204255,1,,,,,,,,,,
28.155390204255,0,29.155490204255,0,30.155590204255,0,,,,,,,,,,
28.427395678817,1,30.155490204255,1,31.155590204255,1,,,,,,,,,,
28.582125359317,2,30.155490204255,0,31.155590204255,0,,,,,,,,,,
29.155390204255,1,31.155490204255,1,32.155590204255,1,,,,,,,,,,
29.352960017784,2,31.155490204255,0,32.155590204255,0,,,,,,,,,,
30.155390204255,1,32.155490204255,1,33.155590204255,1,,,,,,,,,,
30.774324697878,2,32.155490204255,0,33.155590204255,0,,,,,,,,,,
31.155390204255,1,33.155490204255,1,34.155590204255,1,,,,,,,,,,
31.512151989634,2,33.155490204255,0,34.155590204255,0,,,,,,,,,,
31.624098150267,3,34.155490204255,1,35.155590204255,1,,,,,,,,,,
32.155390204255,2,34.155490204255,0,35.155590204255,0,,,,,,,,,,
32.159663870495,3,35.155490204255,1,36.155590204255,1,,,,,,,,,,
32.466944222648,4,35.155490204255,0,36.155590204255,0,,,,,,,,,,
32.673147504678,5,36.155490204255,1,37.155590204255,1,,,,,,,,,,
33.155390204255,4,36.155490204255,0,37.155590204255,0,,,,,,,,,,
34.008437689302,5,37.155490204255,1,38.155590204255,1,,,,,,,,,,
34.155390204255,4,37.155490204255,0,38.155590204255,0,,,,,,,,,,
34.617520112485,5,38.155490204255,1,39.155590204255,1,,,,,,,,,,
34.762798139777,6,38.155490204255,0,39.155590204255,0,,,,,,,,,,
34.781766708978,7,39.155490204255,1,40.155590204255,1,,,,,,,,,,
35.155390204255,6,39.155490204255,0,40.155590204255,0,,,,,,,,,,
35.173537519655,7,40.155490204255,1,41.155590204255,1,,,,,,,,,,
36.134918458721,8,40.155490204255,0,41.155590204255,0,,,,,,,,,,
36.155390204255,7,41.155490204255,1,42.155590204255,1,,,,,,,,,,
36.386360390796,8,41.155490204255,0,42.155590204255,0,,,,,,,,,,
36.874917440104,9,42.155490204255,1,43.155590204255,1,,,,,,,,,,
37.155390204255,8,42.155490204255,0,43.155590204255,0,,,,,,,,,,
38.155390204255,7,43.155490204255,1,44.155590204255,1,,,,,,,,,,
39.155390204255,6,43.155490204255,0,44.155590204255,0,,,,,,,,,,
39.752832461382,7,44.155490204255,1,45.155590204255,1,,,,,,,,,,
40.155390204255,6,44.155490204255,0,45.155590204255,0,,,,,,,,,,
40.3505785382,7,45.155490204255,1,46.155590204255,1,,,,,,,,,,
40.796097033251,8,45.155490204255,0,46.155590204255,0,,,,,,,,,,
41.155390204255,7,46.155490204255,1,47.155590204255,1,,,,,,,,,,
41.370629439992,8,46.155490204255,0,47.155590204255,0,,,,,,,,,,
42.155390204255,7,47.155490204255,1,48.155590204255,1,,,,,,,,,,
43.155390204255,6,47.155490204255,0,48.155590204255,0,,,,,,,,,,
43.696980501686,7,48.155490204255,1,49.155590204255,1,,,,,,,,,,
44.155390204255,6,48.155490204255,0,49.155590204255,0,,,,,,,,,,
44.795892969237,7,49.155490204255,1,50.155590204255,1,,,,,,,,,,
45.155390204255,6,49.155490204255,0,50.155590204255,0,,,,,,,,,,
45.854727100725,7,50.155490204255,1,51.155590204255,1,,,,,,,,,,
46.155390204255,6,50.155490204255,0,51.155590204255,0,,,,,,,,,,
46.965324546412,7,51.155490204255,1,52.155590204255,1,,,,,,,,,,
47.10335323484,8,51.155490204255,0,52.155590204255,0,,,,,,,,,,
47.155390204255,7,52.155490204255,1,53.155590204255,1,,,,,,,,,,
48.155390204255,6,52.155490204255,0,53.155590204255,0,,,,,,,,,,
48.492395924631,7,53.155490204255,1,54.155590204255,1,,,,,,,,,,
48.944497984856,8,53.155490204255,0,54.155590204255,0,,,,,,,,,,
49.155390204255,7,54.155490204255,1,55.155590204255,1,,,,,,,,,,
49.788925778384,8,54.155490204255,0,55.155590204255,0,,,,,,,,,,
50.155390204255,7,55.155490204255,1,56.155590204255,1,,,,,,,,,,
51.155390204255,6,55.155490204255,0,56.155590204255,0,,,,,,,,,,
52.155390204255,5,56.155490204255,1,57.155590204255,1,,,,,,,,,,
53.155390204255,4,56.155490204255,0,57.155590204255,0,,,,,,,,,,
54.155390204255,3,57.155490204255,1,58.155590204255,1,,,,,,,,,,
54.24342262456,4,57.155490204255,0,58.155590204255,0,,,,,,,,,,
54.477724143336,5,58.155490204255,1,59.155590204255,1,,,,,,,,,,
55.155390204255,4,58.155490204255,0,59.155590204255,0,,,,,,,,,,
55.485743388756,5,59.155490204255,1,60.155590204255,1,,,,,,,,,,
56.155390204255,4,59.155490204255,0,60.155590204255,0,,,,,,,,,,
56.54448610385,5,60.155490204255,1,61.155590204255,1,,,,,,,,,,
57.155390204255,4,60.155490204255,0,61.155590204255,0,,,,,,,,,,
57.416401957476,5,61.155490204255,1,62.155590204255,1,,,,,,,,,,
57.708482490743,6,61.155490204255,0,62.155590204255,0,,,,,,,,,,
58.155390204255,5,62.155490204255,1,63.155590204255,1,,,,,,,,,,
58.243547167826,6,62.155490204255,0,63.155590204255,0,,,,,,,,,,
58.871488748817,7,63.155490204255,1,64.155590204255,1,,,,,,,,,,
59.155390204255,6,63.155490204255,0,64.155590204255,0,,,,,,,,,,
59.51526975042,7,64.155490204255,1,65.155590204255,1,,,,,,,,,,
59.795546758899,8,64.155490204255,0,65.155590204255,0,,,,,,,,,,
60.155390204255,7,65.155490204255,1,66.155590204255,1,,,,,,,,,,
60.77241083297,8,65.155490204255,0,66.155590204255,0,,,,,,,,,,
61.155390204255,7,66.155490204255,1,67.155590204255,1,,,,,,,,,,
61.184912062892,8,66.155490204255,0,67.155590204255,0,,,,,,,,,,
62.155390204255,7,67.155490204255,1,68.155590204255,1,,,,,,,,,,
62.252984260042,8,67.155490204255,0,68.155590204255,0,,,,,,,,,,
62.401696529294,9,68.155490204255,1,69.155590204255,1,,,,,,,,,,
63.155390204255,8,68.155490204255,0,69.155590204255,0,,,,,,,,,,
63.908331862567,9,69.155490204255,1,70.155590204255,1,,,,,,,,,,
64.155390204255,8,69.155490204255,0,70.155590204255,0,,,,,,,,,,
64.368345820307,9,70.155490204255,1,71.155590204255,1,,,,,,,,,,
65.155390204255,8,70.155490204255,0,71.155590204255,0,,,,,,,,,,
65.454615201185,9,71.155490204255,1,72.155590204255,1,,,,,,,,,,
66.155390204255,8,71.155490204255,0,72.155590204255,0,,,,,,,,,,
67.155390204255,7,72.155490204255,1,73.155590204255,1,,,,,,,,,,
67.174946858902,8,72.155490204255,0,73.155590204255,0,,,,,,,,,,
68.155390204255,7,73.155490204255,1,74.155590204255,1,,,,,,,,,,
68.294761224656,8,73.155490204255,0,74.155590204255,0,,,,,,,,,,
68.395795999965,9,74.155490204255,1,75.155590204255,1,,,,,,,,,,
69.155390204255,8,74.155490204255,0,75.155590204255,0,,,,,,,,,,
70.155390204255,7,75.155490204255,1,76.155590204255,1,,,,,,,,,,
71.155390204255,6,75.155490204255,0,76.155590204255,0,,,,,,,,,,
71.969384372309,7,76.155490204255,1,77.155590204255,1,,,,,,,,,,
72.155390204255,6,76.155490204255,0,77.155590204255,0,,,,,,,,,,
73.155390204255,5,77.155490204255,1,78.155590204255,1,,,,,,,,,,
74.074705673101,6,77.155490204255,0,78.155590204255,0,,,,,,,,,,
74.132032599525,7,78.155490204255,1,79.155590204255,1,,,,,,,,,,
74.155390204255,6,78.155490204255,0,79.155590204255,0,,,,,,,,,,
75.060511096426,7,79.155490204255,1,80.155590204255,1,,,,,,,,,,
75.155390204255,6,79.155490204255,0,80.155590204255,0,,,,,,,,,,
75.660457983067,7,80.155490204255,1,81.155590204255,1,,,,,,,,,,
76.155390204255,6,80.155490204255,0,81.155590204255,0,,,,,,,,,,
77.004703255219,7,81.155490204255,1,82.155590204255,1,,,,,,,,,,
77.024893383365,8,81.155490204255,0,82.155590204255,0,,,,,,,,,,
77.064869682423,9,82.155490204255,1,83.155590204255,1,,,,,,,,,,
77.155390204255,8,82.155490204255,0,83.155590204255,0,,,,,,,,,,
77.64774807129,9,83.155490204255,1,84.155590204255,1,,,,,,,,,,
78.155390204255,8,83.155490204255,0,84.155590204255,0,,,,,,,,,,
79.155390204255,7,84.155490204255,1,85.155590204255,1,,,,,,,,,,
80.155390204255,6,84.155490204255,0,85.155590204255,0,,,,,,,,,,
81.155390204255,5,85.155490204255,1,86.155590204255,1,,,,,,,,,,
81.539318194135,6,85.155490204255,0,86.155590204255,0,,,,,,,,,,
82.074202569892,7,86.155490204255,1,87.155590204255,1,,,,,,,,,,
82.155390204255,6,86.155490204255,0,87.155590204255,0,,,,,,,,,,
83.155390204255,5,87.155490204255,1,88.155590204255,1,,,,,,,,,,
84.155390204255,4,87.155490204255,0,88.155590204255,0,,,,,,,,,,
84.578114352977,5,88.155490204255,1,89.155590204255,1,,,,,,,,,,
85.155390204255,4,88.155490204255,0,89.155590204255,0,,,,,,,,,,
85.410957869043,5,89.155490204255,1,90.155590204255,1,,,,,,,,,,
86.155390204255,4,89.155490204255,0,90.155590204255,0,,,,,,,,,,
87.155390204255,3,90.155490204255,1,91.155590204255,1,,,,,,,,,,
87.41419839155,4,90.155490204255,0,91.155590204255,0,,,,,,,,,,
87.512848699968,5,91.155490204255,1,92.155590204255,1,,,,,,,,,,
88.155390204255,4,91.155490204255,0,92.155590204255,0,,,,,,,,,,
89.155390204255,3,92.155490204255,1,93.155590204255,1,,,,,,,,,,
90.053153207927,4,92.155490204255,0,93.155590204255,0,,,,,,,,,,
90.139923690267,5,93.155490204255,1,94.155590204255,1,,,,,,,,,,
90.155390204255,4,93.155490204255,0,94.155590204255,0,,,,,,,,,,
91.155390204255,3,94.155490204255,1,95.155590204255,1,,,,,,,,,,
92.155390204255,2,94.155490204255,0,95.155590204255,0,,,,,,,,,,
92.789179618943,3,95.155490204255,1,96.155590204255,1,,,,,,,,,,
92.930510332504,4,95.155490204255,0,96.155590204255,0,,,,,,,,,,
93.155390204255,3,96.155490204255,1,97.155590204255,1,,,,,,,,,,
93.972290986683,4,96.155490204255,0,97.155590204255,0,,,,,,,,,,
94.155390204255,3,97.155490204255,1,98.155590204255,1,,,,,,,,,,
95.155390204255,2,97.155490204255,0,98.155590204255,0,,,,,,,,,,
95.232224796792,3,98.155490204255,1,99.155590204255,1,,,,,,,,,,
95.573878963818,4,98.155490204255,0,99.155590204255,0,,,,,,,,,,
95.88139668758,5,99.155490204255,1,100.155590204255,1,,,,,,,,,,
96.083747126147,6,99.155490204255,0,100.155590204255,0,,,,,,,,,,
96.155390204255,5,100.155490204255,1,101.155590204255,1,,,,,,,,,,
96.966876168106,6,100.155490204255,0,101.155590204255,0,,,,,,,,,,
96.987188626902,7,101.155490204255,1,102.155590204255,1,,,,,,,,,,
97.155390204255,6,101.155490204255,0,102.155590204255,0,,,,,,,,,,
97.167440878887,7,102.155490204255,1,103.155590204255,1,,,,,,,,,,
98.155390204255,6,102.155490204255,0,103.155590204255,0,,,,,,,,,,
98.9331819513,7,103.155490204255,1,104.155590204255,1,,,,,,,,,,
99.155390204255,6,103.155490204255,0,104.155590204255,0,,,,,,,,,,
99.776264983448,7,104.155490204255,1,105.155590204255,1,,,,,,,,,,
100.155390204255,6,104.155490204255,0,105.155590204255,0,,,,,,,,,,
101.105022857198,7,105.155490204255,1,106.155590204255,1,,,,,,,,,,
101.155390204255,6,105.155490204255,0,106.155590204255,0,,,,,,,,,,
101.672927010678,7,106.155490204255,1,107.155590204255,1,,,,,,,,,,
101.958947983186,8,106.155490204255,0,107.155590204255,0,,,,,,,,,,
102.155390204255,7,107.155490204255,1,108.155590204255,1,,,,,,,,,,
103.155390204255,6,107.155490204255,0,108.155590204255,0,,,,,,,,,,
103.36997239248,7,108.155490204255,1,109.155590204255,1,,,,,,,,,,
104.155390204255,6,108.155490204255,0,109.155590204255,0,,,,,,,,,,
104.228365360309,7,109.155490204255,1,110.155590204255,1,,,,,,,,,,
104.732709166897,8,109.155490204255,0,110.155590204255,0,,,,,,,,,,
105.155390204255,7,110.155490204255,1,111.155590204255,1,,,,,,,,,,
106.155390204255,6,110.155490204255,0,111.155590204255,0,,,,,,,,,,
106.996442742758,7,111.155490204255,1,112.155590204255,1,,,,,,,,,,
107.155390204255,6,111.155490204255,0,112.155590204255,0,,,,,,,,,,
107.248862735649,7,112.155490204255,1,113.155590204255,1,,,,,,,,,,
108.155390204255,6,112.155490204255,0,113.155590204255,0,,,,,,,,,,
109.155390204255,5,113.155490204255,1,114.155590204255,1,,,,,,,,,,
110.155390204255,4,113.155490204255,0,114.155590204255,0,,,,,,,,,,
110.301144392533,5,114.155490204255,1,115.155590204255,1,,,,,,,,,,
110.893768419985,6,114.155490204255,0,115.155590204255,0,,,,,,,,,,
111.155390204255,5,115.155490204255,1,116.155590204255,1,,,,,,,,,,
112.155390204255,4,115.155490204255,0,116.155590204255,0,,,,,,,,,,
112.767228299842,5,116.155490204255,1,117.155590204255,1,,,,,,,,,,
113.155390204255,4,116.155490204255,0,117.155590204255,0,,,,,,,,,,
113.969466867089,5,117.155490204255,1,118.155590204255,1,,,,,,,,,,
114.092993514451,6,117.155490204255,0,118.155590204255,0,,,,,,,,,,
114.155390204255,5,118.155490204255,1,119.155590204255,1,,,,,,,,,,
114.446013647725,6,118.155490204255,0,119.155590204255,0,,,,,,,,,,
115.155390204255,5,119.155490204255,1,120.155590204255,1,,,,,,,,,,
115.902832206289,6,119.155490204255,0,120.155590204255,0,,,,,,,,,,
116.155390204255,5,120.155490204255,1,121.155590204255,1,,,,,,,,,,
116.433554702906,6,120.155490204255,0,121.155590204255,0,,,,,,,,,,
116.938573450661,7,121.155490204255,1,122.155590204255,1,,,,,,,,,,
117.155390204255,6,121.155490204255,0,122.155590204255,0,,,,,,,,,,
118.155390204255,5,122.155490204255,1,123.155590204255,1,,,,,,,,,,
119.068072846729,6,122.155490204255,0,123.155590204255,0,,,,,,,,,,
119.155390204255,5,123.155490204255,1,124.155590204255,1,,,,,,,,,,
120.155390204255,4,123.155490204255,0,124.155590204255,0,,,,,,,,,,
121.155390204255,3,124.155490204255,1,125.155590204255,1,,,,,,,,,,
121.202903296712,4,124.155490204255,0,125.155590204255,0,,,,,,,,,,
122.155390204255,3,125.155490204255,1,126.155590204255,1,,,,,,,,,,
122.382286230357,4,125.155490204255,0,126.155590204255,0,,,,,,,,,,
123.155390204255,3,126.155490204255,1,127.155590204255,1,,,,,,,,,,
123.270147640794,4,126.155490204255,0,127.155590204255,0,,,,,,,,,,
124.155390204255,3,127.155490204255,1,128.155590204255,1,,,,,,,,,,
124.34798252493,4,127.155490204255,0,128.155590204255,0,,,,,,,,,,
125.109850296226,5,128.155490204255,1,129.155590204255,1,,,,,,,,,,
125.155390204255,4,128.155490204255,0,129.155590204255,0,,,,,,,,,,
125.371907537901,5,129.155490204255,1,130.155590204255,1,,,,,,,,,,
126.155390204255,4,129.155490204255,0,130.155590204255,0,,,,,,,,,,
126.404704548546,5,130.155490204255,1,131.155590204255,1,,,,,,,,,,
126.907015346807,6,130.155490204255,0,131.155590204255,0,,,,,,,,,,
127.155390204255,5,131.155490204255,1,132.155590204255,1,,,,,,,,,,
127.458411336941,6,131.155490204255,0,132.155590204255,0,,,,,,,,,,
128.155390204255,5,132.155490204255,1,133.155590204255,1,,,,,,,,,,
128.422864902435,6,132.155490204255,0,133.155590204255,0,,,,,,,,,,
129.066969610758,7,133.155490204255,1,134.155590204255,1,,,,,,,,,,
129.155390204255,6,133.155490204255,0,134.155590204255,0,,,,,,,,,,
129.425896826628,7,134.155490204255,1,135.155590204255,1,,,,,,,,,,
130.155390204255,6,134.155490204255,0,135.155590204255,0,,,,,,,,,,
130.505217025284,7,135.155490204255,1,136.155590204255,1,,,,,,,,,,
130.847816649982,8,135.155490204255,0,136.155590204255,0,,,,,,,,,,
131.155390204255,7,136.155490204255,1,137.155590204255,1,,,,,,,,,,
131.810191705753,8,136.155490204255,0,137.155590204255,0,,,,,,,,,,
132.155390204255,7,137.155490204255,1,138.155590204255,1,,,,,,,,,,
132.370152775827,8,137.155490204255,0,138.155590204255,0,,,,,,,,,,
133.155390204255,7,138.155490204255,1,139.155590204255,1,,,,,,,,,,
134.155390204255,6,138.155490204255,0,139.155590204255,0,,,,,,,,,,
134.477600380777,7,139.155490204255,1,140.155590204255,1,,,,,,,,,,
135.155390204255,6,139.155490204255,0,140.155590204255,0,,,,,,,,,,
135.371329459083,7,140.155490204255,1,141.155590204255,1,,,,,,,,,,
136.155390204255,6,140.155490204255,0,141.155590204255,0,,,,,,,,,,
136.225409194726,7,141.155490204255,1,142.155590204255,1,,,,,,,,,,
137.155390204255,6,141.155490204255,0,142.155590204255,0,,,,,,,,,,
138.155390204255,5,142.155490204255,1,143.155590204255,1,,,,,,,,,,
139.155390204255,4,142.155490204255,0,143.155590204255,0,,,,,,,,,,
139.697944674008,5,143.155490204255,1,144.155590204255,1,,,,,,,,,,
139.850238299262,6,143.155490204255,0,144.155590204255,0,,,,,,,,,,
140.155390204255,5,144.155490204255,1,145.155590204255,1,,,,,,,,,,
140.30841118322,6,144.155490204255,0,145.155590204255,0,,,,,,,,,,
140.410731798073,7,145.155490204255,1,146.155590204255,1,,,,,,,,,,
140.983193349501,8,145.155490204255,0,146.155590204255,0,,,,,,,,,,
141.155390204255,7,146.155490204255,1,147.155590204255,1,,,,,,,,,,
142.155390204255,6,146.155490204255,0,147.155590204255,0,,,,,,,,,,
143.155390204255,5,147.155490204255,1,148.155590204255,1,,,,,,,,,,
144.155390204255,4,147.155490204255,0,148.155590204255,0,,,,,,,,,,
145.121003110011,5,148.155490204255,1,149.155590204255,1,,,,,,,,,,
145.155390204255,4,148.155490204255,0,149.155590204255,0,,,,,,,,,,
145.891079969557,5,149.155490204255,1,150.155590204255,1,,,,,,,,,,
146.155390204255,4,149.155490204255,0,150.155590204255,0,,,,,,,,,,
146.485153467881,5,150.155490204255,1,151.155590204255,1,,,,,,,,,,
146.59076611151,6,150.155490204255,0,151.155590204255,0,,,,,,,,,,
147.155390204255,5,151.155490204255,1,152.155590204255,1,,,,,,,,,,
148.155390204255,4,151.155490204255,0,152.155590204255,0,,,,,,,,,,
149.110048241593,5,152.155490204255,1,153.155590204255,1,,,,,,,,,,
149.155390204255,4,152.155490204255,0,153.155590204255,0,,,,,,,,,,
150.155390204255,3,153.155490204255,1,154.155590204255,1,,,,,,,,,,
150.94978102667,4,153.155490204255,0,154.155590204255,0,,,,,,,,,,
151.111651113382,5,154.155490204255,1,155.155590204255,1,,,,,,,,,,
151.155390204255,4,154.155490204255,0,155.155590204255,0,,,,,,,,,,
152.155390204255,3,155.155490204255,1,156.155590204255,1,,,,,,,,,,
153.155390204255,2,155.155490204255,0,156.155590204255,0,,,,,,,,,,
153.461828403133,3,156.155490204255,1,157.155590204255,1,,,,,,,,,,
154.155390204255,2,156.155490204255,0,157.155590204255,0,,,,,,,,,,
155.155390204255,1,157.155490204255,1,158.155590204255,1,,,,,,,,,,
155.487737220236,2,157.155490204255,0,158.155590204255,0,,,,,,,,,,
155.526020133121,3,158.155490204255,1,159.155590204255,1,,,,,,,,,,
155.703345708266,4,158.155490204255,0,159.155590204255,0,,,,,,,,,,
156.155390204255,3,159.155490204255,1,160.155590204255,1,,,,,,,,,,
156.659312132188,4,159.155490204255,0,160.155590204255,0,,,,,,,,,,
157.155390204255,3,160.155490204255,1,161.155590204255,1,,,,,,,,,,
158.155390204255,2,160.155490204255,0,161.155590204255,0,,,,,,,,,,
158.169135587797,3,161.155490204255,1,162.155590204255,1,,,,,,,,,,
159.155390204255,2,161.155490204255,0,162.155590204255,0,,,,,,,,,,
160.155390204255,1,162.155490204255,1,163.155590204255,1,,,,,,,,,,
160.171122083323,2,162.155490204255,0,163.155590204255,0,,,,,,,,,,
160.70112496146,3,163.155490204255,1,164.155590204255,1,,,,,,,,,,
160.851915971654,4,163.155490204255,0,164.155590204255,0,,,,,,,,,,
161.155390204255,3,164.155490204255,1,165.155590204255,1,,,,,,,,,,
161.374786001742,4,164.155490204255,0,165.155590204255,0,,,,,,,,,,
162.155390204255,3,165.155490204255,1,166.155590204255,1,,,,,,,,,,
162.570224568024,4,165.155490204255,0,166.155590204255,0,,,,,,,,,,
163.037497134434,5,166.155490204255,1,167.155590204255,1,,,,,,,,,,
163.155390204255,4,166.155490204255,0,167.155590204255,0,,,,,,,,,,
163.641796206282,5,167.155490204255,1,168.155590204255,1,,,,,,,,,,
164.155390204255,4,167.155490204255,0,168.155590204255,0,,,,,,,,,,
164.186653334427,5,168.155490204255,1,169.155590204255,1,,,,,,,,,,
165.155390204255,4,168.155490204255,0,169.155590204255,0,,,,,,,,,,
165.466987538239,5,169.155490204255,1,170.155590204255,1,,,,,,,,,,
165.921899383031,6,169.155490204255,0,170.155590204255,0,,,,,,,,,,
166.155390204255,5,170.155490204255,1,171.155590204255,1,,,,,,,,,,
167.155390204255,4,170.155490204255,0,171.155590204255,0,,,,,,,,,,
168.155390204255,3,171.155490204255,1,172.155590204255,1,,,,,,,,,,
169.155390204255,2,171.155490204255,0,172.155590204255,0,,,,,,,,,,
169.631859974935,3,172.155490204255,1,173.155590204255,1,,,,,,,,,,
170.078112795454,4,172.155490204255,0,173.155590204255,0,,,,,,,,,,
170.155390204255,3,173.155490204255,1,174.155590204255,1,,,,,,,,,,
171.155390204255,2,173.155490204255,0,174.155590204255,0,,,,,,,,,,
172.155390204255,1,174.155490204255,1,175.155590204255,1,,,,,,,,,,
172.962724547556,2,174.155490204255,0,175.155590204255,0,,,,,,,,,,
173.151019522775,3,175.155490204255,1,176.155590204255,1,,,,,,,,,,
173.155390204255,2,175.155490204255,0,176.155590204255,0,,,,,,,,,,
173.565632065434,3,176.155490204255,1,177.155590204255,1,,,,,,,,,,
174.155390204255,2,176.155490204255,0,177.155590204255,0,,,,,,,,,,
174.301763165421,3,177.155490204255,1,178.155590204255,1,,,,,,,,,,
174.35763321831,4,177.155490204255,0,178.155590204255,0,,,,,,,,,,
174.580772426411,5,178.155490204255,1,179.155590204255,1,,,,,,,,,,
174.77860193387,6,178.155490204255,0,179.155590204255,0,,,,,,,,,,
175.155390204255,5,179.155490204255,1,180.155590204255,1,,,,,,,,,,
176.155390204255,4,179.155490204255,0,180.155590204255,0,,,,,,,,,,
176.357014655976,5,180.155490204255,1,181.155590204255,1,,,,,,,,,,
176.780671757333,6,180.155490204255,0,181.155590204255,0,,,,,,,,,,
177.155390204255,5,181.155490204255,1,182.155590204255,1,,,,,,,,,,
178.155390204255,4,181.155490204255,0,182.155590204255,0,,,,,,,,,,
179.155390204255,3,182.155490204255,1,183.155590204255,1,,,,,,,,,,
179.66521604574,4,182.155490204255,0,183.155590204255,0,,,,,,,,,,
180.155390204255,3,183.155490204255,1,184.155590204255,1,,,,,,,,,,
180.602354763463,4,183.155490204255,0,184.155590204255,0,,,,,,,,,,
181.155390204255,3,184.155490204255,1,185.155590204255,1,,,,,,,,,,
181.510318790788,4,184.155490204255,0,185.155590204255,0,,,,,,,,,,
181.542675595433,5,185.155490204255,1,186.155590204255,1,,,,,,,,,,
182.155390204255,4,185.155490204255,0,186.155590204255,0,,,,,,,,,,
183.0735068217,5,186.155490204255,1,187.155590204255,1,,,,,,,,,,
183.125189727495,6,186.155490204255,0,187.155590204255,0,,,,,,,,,,
183.155390204255,5,187.155490204255,1,188.155590204255,1,,,,,,,,,,
183.986113364176,6,187.155490204255,0,188.155590204255,0,,,,,,,,,,
184.155390204255,5,188.155490204255,1,189.155590204255,1,,,,,,,,,,
184.257781434518,6,188.155490204255,0,189.155590204255,0,,,,,,,,,,
185.155390204255,5,189.155490204255,1,190.155590204255,1,,,,,,,,,,
186.155390204255,4,189.155490204255,0,190.155590204255,0,,,,,,,,,,
187.155390204255,3,190.155490204255,1,191.155590204255,1,,,,,,,,,,
188.155390204255,2,190.155490204255,0,191.155590204255,0,,,,,,,,,,
189.136914322512,3,191.155490204255,1,192.155590204255,1,,,,,,,,,,
189.155390204255,2,191.155490204255,0,192.155590204255,0,,,,,,,,,,
189.903993977084,3,192.155490204255,1,193.155590204255,1,,,,,,,,,,
190.155390204255,2,192.155490204255,0,193.155590204255,0,,,,,,,,,,
191.155390204255,1,193.155490204255,1,194.155590204255,1,,,,,,,,,,
191.901165944574,2,193.155490204255,0,194.155590204255,0,,,,,,,,,,
192.155390204255,1,194.155490204255,1,195.155590204255,1,,,,,,,,,,
193.155390204255,0,194.155490204255,0,195.155590204255,0,,,,,,,,,,
193.210951315936,1,195.155490204255,1,196.155590204255,1,,,,,,,,,,
193.584837811839,2,195.155490204255,0,196.155590204255,0,,,,,,,,,,
194.155390204255,1,196.155490204255,1,197.155590204255,1,,,,,,,,,,
194.392817865238,2,196.155490204255,0,197.155590204255,0,,,,,,,,,,
194.900682987925,3,197.155490204255,1,198.155590204255,1,,,,,,,,,,
195.139435860773,4,197.155490204255,0,198.155590204255,0,,,,,,,,,,
195.155390204255,3,198.155490204255,1,199.155590204255,1,,,,,,,,,,
195.374960434192,4,198.155490204255,0,199.155590204255,0,,,,,,,,,,
195.626559047305,5,199.155490204255,1,,,,,,,,,,,,
195.873418316104,6,199.155490204255,0,,,,,,,,,,,,
196.155390204255,5,,,,,,,,,,,,,,
196.716397091518,6,,,,,,,,,,,,,,
197.155390204255,5,,,,,,,,,,,,,,
198.061744524752,6,,,,,,,,,,,,,,
198.155390204255,5,,,,,,,,,,,,,,
198.663423511276,6,,,,,,,,,,,,,,
199.155390204255,5,,,,,,,,,,,,,,
