Buffer Size Network.node[0].lnk[0] (#0 - General-0-20190530-17:17:43-2756),,Buffer Size Network.node[1].lnk[0] (#0 - General-0-20190530-17:17:43-2756),,Buffer Size Network.node[2].lnk[0] (#0 - General-0-20190530-17:17:43-2756),,Delay Network.node[5].app (#0 - General-0-20190530-17:17:43-2756),,Buffer Size Network.node[6].lnk[0] (#0 - General-0-20190530-17:17:43-2756),,Buffer Size Network.node[7].lnk[0] (#0 - General-0-20190530-17:17:43-2756),
0.898560388484,1,2.859704212075,1,1.859604212075,1,3.898860388484,3.000300000000000175,2.898760388484,1,1.898660388484,1
0.898560388484,0,2.859704212075,0,1.859604212075,0,4.898860388484,3.077076868528999742,2.898760388484,0,1.898660388484,0
1.821783519955,1,3.859704212075,1,2.646805352057,1,6.773628855839,3.000300000000000175,3.898760388484,1,2.898660388484,1
1.898560388484,0,3.859704212075,0,2.859604212075,0,7.773628855839,5.91402464376399981,3.898760388484,0,2.898660388484,0
3.773328855839,1,5.52586940626,1,4.52576940626,1,8.773628855839,4.44925151332999922,5.773528855839,1,4.773428855839,1
3.773328855839,0,5.52586940626,0,4.52576940626,0,9.773628855839,7.126823503781999105,5.773528855839,0,4.773428855839,0
3.859804212075,1,6.564028706924,1,5.563928706924,1,10.773628855839,5.472245086936998935,6.773528855839,1,5.773428855839,1
4.324377342509,2,6.564028706924,0,5.563928706924,0,11.773628855839,5.98711692321499986,6.773528855839,0,5.773428855839,0
4.773328855839,1,7.564028706924,1,6.139447903807,1,12.773628855839,6.6339577840769994,7.773528855839,1,6.773428855839,1
4.859804212075,2,7.564028706924,0,6.563928706924,0,13.773628855839,7.57557311498399951,7.773528855839,0,6.773428855839,0
5.301383768902,3,9.363072325843,1,8.362972325843,1,14.773628855839,10.24785944957899982,8.773528855839,1,7.773428855839,1
5.773328855839,2,9.363072325843,0,8.362972325843,0,15.773628855839,10.20970014891499739,8.773528855839,0,7.773428855839,0
5.786511932624,3,10.363072325843,1,8.681328466685,1,16.773628855839,10.63418095203200048,9.773528855839,1,8.773428855839,1
6.139671071762,4,10.363072325843,0,9.164930571633,2,17.773628855839,8.260660835055997325,9.773528855839,0,8.773428855839,0
6.198055740855,5,11.363072325843,1,9.362972325843,1,18.773628855839,10.41065652999600029,10.773528855839,1,9.773428855839,1
6.52596940626,6,11.363072325843,0,9.814376919884,2,19.773628855839,8.691764717432999235,10.773528855839,0,9.773428855839,0
6.773328855839,5,12.363072325843,1,10.362972325843,1,20.773628855839,12.0923003891539977,11.773528855839,1,10.773428855839,1
7.564128706924,6,12.363072325843,0,11.362972325843,0,21.773628855839,9.9390906041200004,11.773528855839,0,10.773428855839,0
7.773328855839,5,13.363072325843,1,11.486588120209,1,22.773628855839,13.60869828420599955,12.773528855839,1,11.773428855839,1
8.564128706924,6,13.363072325843,0,12.14047068743,2,23.773628855839,11.09965775122000048,12.773528855839,0,11.773428855839,0
8.773328855839,5,14.363072325843,1,12.362972325843,1,24.773628855839,14.95925193595499883,13.773528855839,1,12.773428855839,1
9.512968020783,6,14.363072325843,0,12.639342696446,2,25.773628855839,14.2870407356300006,13.773528855839,0,12.773428855839,0
9.773328855839,5,15.363072325843,1,13.362972325843,1,26.773628855839,12.29128848694499961,14.773528855839,1,13.773428855839,1
10.363172325843,6,15.363072325843,0,14.362972325843,0,27.773628855839,13.2176031314800006,14.773528855839,0,13.773428855839,0
10.773328855839,5,16.363072325843,1,15.237596782295,1,28.773628855839,13.8060251352370002,15.773528855839,1,14.773428855839,1
11.081864138406,6,16.363072325843,0,15.258022370694,2,29.773628855839,14.71486410911299806,15.773528855839,0,14.773428855839,0
11.363172325843,7,17.363072325843,1,15.362972325843,1,30.773628855839,18.63315816840899676,16.773528855839,1,15.773428855839,1
11.773328855839,6,17.363072325843,0,15.717270507949,2,31.773628855839,15.67025160080499896,16.773528855839,0,15.773428855839,0
11.834538251719,7,18.363072325843,1,16.362972325843,1,32.773628855839,20.13428615939299952,17.773528855839,1,16.773428855839,1
12.363172325843,8,18.363072325843,0,17.362972325843,0,33.773628855839,18.53603207354399976,17.773528855839,0,16.773428855839,0
12.673971104619,9,19.363072325843,1,17.504758171388,1,34.773628855839,19.51560648514499968,18.773528855839,1,17.773428855839,1
12.773328855839,8,19.363072325843,0,18.362972325843,0,35.773628855839,16.52008167212899531,18.773528855839,0,17.773428855839,0
13.363172325843,9,20.363072325843,1,19.010542430025,1,36.773628855839,21.05635834788999707,19.773528855839,1,18.773428855839,1
13.773328855839,8,20.363072325843,0,19.16177328369,2,37.773628855839,20.26887068445099507,19.773528855839,0,18.773428855839,0
14.363172325843,9,21.363072325843,1,19.362972325843,1,38.773628855839,17.479189456217,20.773528855839,1,19.773428855839,1
14.482340368894,10,21.363072325843,0,20.362972325843,0,39.773628855839,20.76308642581399503,20.773528855839,0,19.773428855839,0
14.556025724359,11,22.363072325843,1,21.202087541632,1,40.773628855839,18.83748028353900132,21.773528855839,1,20.773428855839,1
14.773328855839,10,22.363072325843,0,21.362972325843,0,41.773628855839,22.61185557214899681,21.773528855839,0,20.773428855839,0
14.967603720602,11,26.047409410774,1,25.047309410774,1,42.773628855839,21.57154131420699618,22.773528855839,1,21.773428855839,1
15.058764746726,12,26.047409410774,0,25.047309410774,0,43.773628855839,20.23224072647699495,22.773528855839,0,21.773428855839,0
15.363172325843,13,27.047409410774,1,25.666238870401,1,44.773628855839,19.61823865158400075,23.773528855839,1,22.773428855839,1
15.773328855839,12,27.047409410774,0,26.047309410774,0,45.773628855839,19.88327423039400078,23.773528855839,0,22.773428855839,0
16.103377255034,13,28.182874844391,1,27.182774844391,1,46.773628855839,19.74733528868399893,24.773528855839,1,23.773428855839,1
16.363172325843,14,28.182874844391,0,27.182774844391,0,47.773628855839,22.72631944506499468,24.773528855839,0,23.773428855839,0
16.773328855839,13,29.20430671874,1,28.20420671874,1,48.773628855839,21.62146087924600118,25.773528855839,1,24.773428855839,1
17.363172325843,14,29.20430671874,0,28.20420671874,0,49.773628855839,24.10738998543799727,25.773528855839,0,24.773428855839,0
17.773328855839,13,30.20430671874,1,29.076527913782,1,50.773628855839,22.34623317702200031,26.773528855839,1,25.773428855839,1
18.363172325843,14,30.20430671874,0,29.20420671874,0,51.773628855839,23.19150349652199585,26.773528855839,0,25.773428855839,0
18.773328855839,13,32.971048391769,1,31.970948391769,1,52.773628855839,25.59085401144799467,27.773528855839,1,26.773428855839,1
19.25354718371,14,32.971048391769,0,31.970948391769,0,53.773628855839,24.42066883805500047,27.773528855839,0,26.773428855839,0
19.363172325843,15,33.971048391769,1,32.6126430938,1,54.773628855839,26.56942213709899637,28.773528855839,1,27.773428855839,1
19.773328855839,14,33.971048391769,0,32.970948391769,0,55.773628855839,24.99930415796099925,28.773528855839,0,27.773428855839,0
20.363172325843,15,35.100997919552,1,34.100897919552,1,56.773628855839,27.69710094205699835,29.773528855839,1,28.773428855839,1
20.773328855839,14,35.100997919552,0,34.100897919552,0,57.773628855839,26.26147686620500102,29.773528855839,0,28.773428855839,0
21.294439399622,15,36.100997919552,1,34.344946410289,1,58.773628855839,27.14953070557199752,30.773528855839,1,29.773428855839,1
21.363172325843,16,36.100997919552,0,35.100897919552,0,59.773628855839,27.61396498534399757,30.773528855839,0,29.773428855839,0
21.773328855839,15,37.100997919552,1,35.185281115901,1,60.773628855839,28.306684633190997,31.773528855839,1,30.773428855839,1
21.9361485723,16,37.100997919552,0,35.347417605347,2,61.773628855839,29.1004813511610008,31.773528855839,0,30.773428855839,0
22.363172325843,17,38.100997919552,1,36.100897919552,1,62.773628855839,30.80268046407000062,32.773528855839,1,31.773428855839,1
22.773328855839,16,38.100997919552,0,36.294414282522,2,63.773628855839,29.76519116653700062,32.773528855839,0,31.773428855839,0
23.363172325843,17,39.100997919552,1,37.100897919552,1,64.773628855839,30.15610874335399657,33.773528855839,1,32.773428855839,1
23.541388129362,18,39.100997919552,0,37.25396225989,2,65.773628855839,31.0108307160619957,33.773528855839,0,32.773428855839,0
23.773328855839,17,40.100997919552,1,38.100897919552,1,66.773628855839,31.9918621468609955,34.773528855839,1,33.773428855839,1
24.773328855839,16,40.100997919552,0,39.100897919552,0,67.773628855839,35.1609857620389902,34.773528855839,0,33.773428855839,0
25.155390204255,17,41.100997919552,1,39.582875634104,1,68.773628855839,33.60009133618399332,35.773528855839,1,34.773428855839,1
25.773328855839,16,41.100997919552,0,40.100897919552,0,69.773628855839,35.67273093628699582,35.773528855839,0,34.773428855839,0
25.890354625445,17,42.100997919552,1,40.728014588804,1,70.773628855839,34.63871039711798962,36.773528855839,1,35.773428855839,1
26.773328855839,16,42.100997919552,0,41.100897919552,0,71.773628855839,35.387268465042993,36.773528855839,0,35.773428855839,0
27.026293567155,17,43.100997919552,1,41.677509172301,1,72.773628855839,35.89871141573499342,37.773528855839,1,36.773428855839,1
27.047509410774,18,43.100997919552,0,42.100897919552,0,73.773628855839,39.4286824455499952,37.773528855839,0,36.773428855839,0
27.152167976593,19,44.100997919552,1,42.873616971758,1,74.773628855839,39.58834773993800112,38.773528855839,1,37.773428855839,1
27.773328855839,18,44.100997919552,0,42.978178197533,2,75.773628855839,40.42621125049200242,38.773528855839,0,37.773428855839,0
28.047509410774,19,45.100997919552,1,43.040293487999,3,76.773628855839,37.02079639445699382,39.773528855839,1,38.773428855839,1
28.427395678817,20,45.100997919552,0,43.100897919552,2,77.773628855839,41.47921457331699442,39.773528855839,0,38.773428855839,0
28.582125359317,21,46.100997919552,1,44.100897919552,1,78.773628855839,38.42305031763899577,40.773528855839,1,39.773428855839,1
28.773328855839,20,46.100997919552,0,45.100897919552,0,79.773628855839,38.9775318225879913,40.773528855839,0,39.773428855839,0
29.182974844391,21,47.540607172454,1,46.540507172454,1,80.773628855839,43.51966659594899037,41.773528855839,1,40.773428855839,1
29.352960017784,22,47.540607172454,0,46.540507172454,0,81.773628855839,40.4029994158469917,41.773528855839,0,40.773428855839,0
29.773328855839,21,48.540607172454,1,46.727933238472,1,82.773628855839,43.19075322173499367,42.773528855839,1,41.773428855839,1
30.20440671874,22,48.540607172454,0,46.964139944555,2,83.773628855839,43.04561426703499177,42.773528855839,0,41.773428855839,0
30.773328855839,21,49.540607172454,1,47.407543973176,3,84.773628855839,41.07664835415299352,43.773528855839,1,42.773428855839,1
30.774324697878,22,49.540607172454,0,47.540507172454,2,85.773628855839,44.09611968353799207,43.773528855839,0,42.773428855839,0
31.20440671874,23,50.540607172454,1,47.786505937459,3,86.773628855839,41.97773588660199082,44.773528855839,1,43.773428855839,1
31.512151989634,24,50.540607172454,0,48.540507172454,2,87.773628855839,44.90001188408099592,44.773528855839,0,43.773428855839,0
31.624098150267,25,51.540607172454,1,48.72256749723,3,88.773628855839,42.91890175511399242,45.773528855839,1,44.773428855839,1
31.773328855839,24,51.540607172454,0,49.115680054534,4,89.773628855839,46.79545065830599515,45.773528855839,0,44.773428855839,0
32.159663870495,25,52.540607172454,1,49.154863210947,5,90.773628855839,43.80830430942700087,46.773528855839,1,45.773428855839,1
32.466944222648,26,52.540607172454,0,49.540507172454,4,91.773628855839,48.7333353678399985,46.773528855839,0,45.773428855839,0
32.673147504678,27,53.540607172454,1,49.732187521754,5,92.773628855839,45.67027562099899267,47.773528855839,1,46.773428855839,1
32.773328855839,26,53.540607172454,0,50.540507172454,4,93.773628855839,45.28123293120799507,47.773528855839,0,46.773428855839,0
33.773328855839,25,54.540607172454,1,50.738058526921,5,94.773628855839,48.23312168338499345,48.773528855839,1,47.773428855839,1
33.971148391769,26,54.540607172454,0,51.540507172454,4,95.773628855839,46.82913087098299325,48.773528855839,0,47.773428855839,0
34.008437689302,27,55.540607172454,1,52.540507172454,3,96.773628855839,50.04569561736700205,49.773528855839,1,48.773428855839,1
34.617520112485,28,55.540607172454,0,53.540507172454,2,97.773628855839,47.98470307745499475,49.773528855839,0,48.773428855839,0
34.762798139777,29,56.540607172454,1,53.931005168975,3,98.773628855839,51.809488911283992,50.773528855839,1,49.773428855839,1
34.773328855839,28,56.540607172454,0,54.038640277131,4,99.773628855839,52.3660848826630028,50.773528855839,0,49.773428855839,0
34.781766708978,29,57.540607172454,1,54.540507172454,3,100.773628855839,52.9871229183799952,51.773528855839,1,50.773428855839,1
34.971148391769,30,57.540607172454,0,55.096466690483,4,101.773628855839,53.05106135860899005,51.773528855839,0,50.773428855839,0
35.173537519655,31,58.540607172454,1,55.272380235909,5,102.773628855839,48.5302062312789955,52.773528855839,1,51.773428855839,1
35.773328855839,30,58.540607172454,0,55.540507172454,4,103.773628855839,49.29590471250300235,52.773528855839,0,51.773428855839,0
36.101097919552,31,59.540607172454,1,56.540507172454,3,104.773628855839,55.65794880130499665,53.773528855839,1,52.773428855839,1
36.134918458721,32,59.540607172454,0,57.540507172454,2,105.773628855839,50.28788546708300065,53.773528855839,0,52.773428855839,0
36.386360390796,33,60.540607172454,1,58.540507172454,1,106.773628855839,57.6187656448919935,54.773528855839,1,53.773428855839,1
36.773328855839,32,60.540607172454,0,59.540507172454,0,107.773628855839,58.0414413340849931,54.773528855839,0,53.773428855839,0
36.874917440104,33,61.632580586152,1,60.632480586152,1,108.773628855839,52.22914275198900195,55.773528855839,1,54.773428855839,1
37.101097919552,34,61.632580586152,0,60.632480586152,0,109.773628855839,52.35722689836299515,55.773528855839,0,54.773428855839,0
37.773328855839,33,62.632580586152,1,60.805608042298,1,110.773628855839,60.0355703289179983,56.773528855839,1,55.773428855839,1
38.101097919552,34,62.632580586152,0,60.92256345209,2,111.773628855839,54.0651463650959981,56.773528855839,0,55.773428855839,0
38.773328855839,33,63.632580586152,1,61.632480586152,1,112.773628855839,54.53008168801299845,57.773528855839,1,56.773428855839,1
39.101097919552,34,63.632580586152,0,62.045731753623,2,113.773628855839,59.84262368686400155,57.773528855839,0,56.773428855839,0
39.752832461382,35,64.632580586152,1,62.427287596997,3,114.773628855839,55.90214010702199215,58.773528855839,1,57.773428855839,1
39.773328855839,34,64.632580586152,0,62.632480586152,2,115.773628855839,56.25835910541898935,58.773528855839,0,57.773428855839,0
40.101097919552,35,65.632580586152,1,62.646168193504,3,116.773628855839,62.73498857870799825,59.773528855839,1,58.773428855839,1
40.3505785382,36,65.632580586152,0,63.632480586152,2,117.773628855839,57.9780820969399995,59.773528855839,0,58.773428855839,0
40.773328855839,35,66.632580586152,1,64.632480586152,1,118.773628855839,63.6771621653559944,60.773528855839,1,59.773428855839,1
40.796097033251,36,66.632580586152,0,65.632480586152,0,119.773628855839,59.00121802286899685,60.773528855839,0,59.773428855839,0
41.101097919552,37,67.632580586152,1,65.633358085356,1,120.773628855839,59.5887167929469964,61.773528855839,1,60.773428855839,1
41.370629439992,38,67.632580586152,0,65.647022663787,2,121.773628855839,66.50124861992998125,61.773528855839,0,60.773428855839,0
41.773328855839,37,68.632580586152,1,65.749167545312,3,122.773628855839,60.5206445957969945,62.773528855839,1,61.773428855839,1
42.101097919552,38,68.632580586152,0,66.632480586152,2,123.773628855839,61.3719323265449928,62.773528855839,0,61.773428855839,0
42.773328855839,37,69.632580586152,1,66.724269479468,3,124.773628855839,64.1411482696869936,63.773528855839,1,62.773428855839,1
43.101097919552,38,69.632580586152,0,67.632480586152,2,125.773628855839,64.9680208135409883,63.773528855839,0,62.773428855839,0
43.696980501686,39,70.632580586152,1,68.544088398752,3,126.773628855839,62.86529699327199665,64.773528855839,1,63.773428855839,1
43.773328855839,38,70.632580586152,0,68.632480586152,2,127.773628855839,63.4052830355319938,64.773528855839,0,63.773428855839,0
44.101097919552,39,71.632580586152,1,69.632480586152,1,128.773628855839,67.8510654037490039,65.773528855839,1,64.773428855839,1
44.773328855839,38,71.632580586152,0,70.632480586152,0,129.773628855839,64.3190136546539859,65.773528855839,0,64.773428855839,0
44.795892969237,39,73.293219858336,1,72.293119858336,1,130.773628855839,68.7278971022159905,66.773528855839,1,65.773428855839,1
45.101097919552,40,73.293219858336,0,72.293119858336,0,131.773628855839,69.3463412588419883,66.773528855839,0,65.773428855839,0
45.773328855839,39,74.293219858336,1,72.925456454732,1,132.773628855839,65.59868199693698875,67.773528855839,1,66.773428855839,1
45.854727100725,40,74.293219858336,0,73.293119858336,0,133.773628855839,71.12746066233498225,67.773528855839,0,66.773428855839,0
46.101097919552,41,75.293219858336,1,73.638040048065,1,134.773628855839,66.4788676311829929,68.773528855839,1,67.773428855839,1
46.773328855839,40,75.293219858336,0,74.293119858336,0,135.773628855839,67.377832855874004,68.773528855839,0,67.773428855839,0
46.965324546412,41,78.400067332569,1,77.399967332569,1,136.773628855839,71.14027077048299905,69.773528855839,1,68.773428855839,1
47.101097919552,42,78.400067332569,0,77.399967332569,0,137.773628855839,72.12660619205198005,69.773528855839,0,68.773428855839,0
47.10335323484,43,79.400067332569,1,77.732377573533,1,138.773628855839,73.02446131052698735,70.773528855839,1,69.773428855839,1
47.773328855839,42,79.400067332569,0,77.860434338844,2,139.773628855839,73.04935937637100065,70.773528855839,0,69.773428855839,0
48.492395924631,43,80.400067332569,1,78.305853800764,3,140.773628855839,68.8042444835299986,71.773528855839,1,70.773428855839,1
48.540707172454,44,80.400067332569,0,78.399967332569,2,141.773628855839,73.22954045708698325,71.773528855839,0,70.773428855839,0
48.773328855839,43,81.400067332569,1,78.657029890145,3,142.773628855839,68.69892318273798515,72.773528855839,1,71.773428855839,1
48.944497984856,44,81.400067332569,0,79.312676174509,4,143.773628855839,69.6415962563139883,72.773528855839,0,71.773428855839,0
49.540707172454,45,82.400067332569,1,79.399967332569,3,144.773628855839,72.4805089975029941,73.773528855839,1,72.773428855839,1
49.773328855839,44,82.400067332569,0,79.439064810934,4,145.773628855839,70.7131177594129949,73.773528855839,0,72.773428855839,0
49.788925778384,45,83.400067332569,1,80.399967332569,3,146.773628855839,73.84817240110700685,74.773528855839,1,73.773428855839,1
50.540707172454,46,83.400067332569,0,80.605938337483,4,147.773628855839,72.11317087277200215,74.773528855839,0,73.773428855839,0
50.773328855839,45,84.400067332569,1,80.988639286345,5,148.773628855839,75.13558880777398455,75.773528855839,1,74.773428855839,1
51.540707172454,46,84.400067332569,0,81.399967332569,4,149.773628855839,72.7689256006199795,75.773528855839,0,74.773428855839,0
51.773328855839,45,85.400067332569,1,82.399967332569,3,150.773628855839,73.74873547247398135,76.773528855839,1,75.773428855839,1
52.540707172454,46,85.400067332569,0,83.112876483347,4,151.773628855839,74.7087591734159841,76.773528855839,0,75.773428855839,0
52.773328855839,45,86.400067332569,1,83.179173884829,5,152.773628855839,75.1258807845489966,77.773528855839,1,76.773428855839,1
53.540707172454,46,86.400067332569,0,83.399967332569,4,153.773628855839,76.3736615232699873,77.773528855839,0,76.773428855839,0
53.773328855839,45,87.400067332569,1,83.423569332911,5,154.773628855839,77.04125128230600665,78.773528855839,1,77.773428855839,1
54.24342262456,46,87.400067332569,0,84.399967332569,4,155.773628855839,77.91319451699499125,78.773528855839,0,77.773428855839,0
54.477724143336,47,88.400067332569,1,84.602758859976,5,156.773628855839,75.2343106617040004,79.773528855839,1,78.773428855839,1
54.540707172454,48,88.400067332569,0,85.399967332569,4,157.773628855839,75.69942628594699825,79.773528855839,0,78.773428855839,0
54.773328855839,47,89.400067332569,1,85.438856391946,5,158.773628855839,80.4677750550749804,80.773528855839,1,79.773428855839,1
55.485743388756,48,89.400067332569,0,85.747271232044,6,159.773628855839,81.11659896569398105,80.773528855839,0,79.773428855839,0
55.540707172454,49,90.400067332569,1,86.399967332569,5,160.773628855839,81.4609526813299848,81.773528855839,1,80.773428855839,1
55.773328855839,48,90.400067332569,0,86.458519169261,6,161.773628855839,77.19551450286198205,81.773528855839,0,80.773428855839,0
56.540707172454,49,91.400067332569,1,87.199278119708,7,162.773628855839,83.3345640449049935,82.773528855839,1,81.773428855839,1
56.54448610385,50,91.400067332569,0,87.399967332569,6,163.773628855839,78.36267098679599,82.773528855839,0,81.773428855839,0
56.773328855839,49,92.400067332569,1,88.399967332569,5,164.773628855839,84.16769051835598215,83.773528855839,1,82.773428855839,1
57.416401957476,50,92.400067332569,0,89.399967332569,4,165.773628855839,84.78498956949400135,83.773528855839,0,82.773428855839,0
57.540707172454,51,93.400067332569,1,89.684860476685,5,166.773628855839,79.3594304642890048,84.773528855839,1,83.773428855839,1
57.708482490743,52,93.400067332569,0,90.399967332569,4,167.773628855839,80.2607801558710034,84.773528855839,0,83.773428855839,0
57.773328855839,51,94.400067332569,1,90.542756117759,5,168.773628855839,85.66075237249199825,85.773528855839,1,84.773428855839,1
58.243547167826,52,94.400067332569,0,90.868096533288,6,169.773628855839,86.5944549710099804,85.773528855839,0,84.773428855839,0
58.540707172454,53,95.400067332569,1,91.251656747387,7,170.773628855839,80.7204756479119961,86.773528855839,1,85.773428855839,1
58.773328855839,52,95.400067332569,0,91.261057498051,8,171.773628855839,81.6337051655719958,86.773528855839,0,85.773428855839,0
58.871488748817,53,96.400067332569,1,91.399967332569,7,172.773628855839,89.3500595229280063,87.773528855839,1,86.773428855839,1
59.51526975042,54,96.400067332569,0,92.361903408142,8,173.773628855839,89.17086999586300015,87.773528855839,0,86.773428855839,0
59.540707172454,55,97.400067332569,1,92.399967332569,7,174.773628855839,89.3347724638929886,88.773528855839,1,87.773428855839,1
59.773328855839,54,97.400067332569,0,93.399967332569,6,175.773628855839,82.9844492368959831,88.773528855839,0,87.773428855839,0
59.795546758899,55,98.400067332569,1,94.209231059144,7,176.773628855839,83.8431185233349933,89.773528855839,1,88.773428855839,1
60.540707172454,56,98.400067332569,0,94.399967332569,6,177.773628855839,92.02635762379497875,89.773528855839,0,88.773428855839,0
60.77241083297,57,99.400067332569,1,95.399967332569,5,178.773628855839,84.8013378691559863,90.773528855839,1,89.773428855839,1
60.773328855839,56,99.400067332569,0,96.050513530631,6,179.773628855839,93.315109686577983,90.773528855839,0,89.773428855839,0
61.184912062892,57,100.400067332569,1,96.399967332569,5,180.773628855839,85.54140405904698215,91.773528855839,1,90.773428855839,1
61.540707172454,58,100.400067332569,0,96.557713653888,6,181.773628855839,94.5743507361309805,91.773528855839,0,90.773428855839,0
61.773328855839,57,101.400067332569,1,97.362511053689,7,182.773628855839,87.199749892021003,92.773528855839,1,91.773428855839,1
62.252984260042,58,101.400067332569,0,97.399967332569,6,183.773628855839,87.89223216825899925,92.773528855839,0,91.773428855839,0
62.401696529294,59,102.400067332569,1,97.824241949733,7,184.773628855839,88.6898817296919898,93.773528855839,1,92.773428855839,1
62.632680586152,60,102.400067332569,0,97.828948490225,8,185.773628855839,96.0887683791540038,93.773528855839,0,92.773428855839,0
62.773328855839,59,103.400067332569,1,97.987289996456,9,186.773628855839,89.806752687732995,94.773528855839,1,93.773428855839,1
63.632680586152,60,103.400067332569,0,98.399967332569,8,187.773628855839,90.78644022893698165,94.773528855839,0,93.773428855839,0
63.773328855839,59,104.400067332569,1,99.119924138428,9,188.773628855839,91.60618797695198575,95.773528855839,1,94.773428855839,1
63.908331862567,60,104.400067332569,0,99.399967332569,8,189.773628855839,99.2308727380799948,95.773528855839,0,94.773428855839,0
64.368345820307,61,105.400067332569,1,99.434645799283,9,190.773628855839,99.9055323225509821,96.773528855839,1,95.773428855839,1
64.632680586152,62,105.400067332569,0,100.399967332569,8,191.773628855839,92.8404469045389926,96.773528855839,0,95.773428855839,0
64.773328855839,61,106.400067332569,1,100.65115445272,9,192.773628855839,101.5219721084500005,97.773528855839,1,96.773428855839,1
65.454615201185,62,106.400067332569,0,100.991501190955,10,193.773628855839,93.9973638723909911,97.773528855839,0,96.773428855839,0
65.632680586152,63,107.400067332569,1,101.399967332569,9,194.773628855839,103.5125713577899941,98.773528855839,1,97.773428855839,1
65.773328855839,62,107.400067332569,0,102.399967332569,8,195.773628855839,94.6686059986409982,98.773528855839,0,97.773428855839,0
66.632680586152,63,108.400067332569,1,103.399967332569,7,196.773628855839,104.4117254476999785,99.773528855839,1,98.773428855839,1
66.773328855839,62,108.400067332569,0,104.26664436867,8,197.773628855839,96.1007018451609835,99.773528855839,0,98.773428855839,0
67.174946858902,63,109.400067332569,1,104.399967332569,7,198.773628855839,96.814680872652985,100.773528855839,1,99.773428855839,1
67.632680586152,64,109.400067332569,0,105.163235239456,8,199.773628855839,105.5643977967000066,100.773528855839,0,99.773428855839,0
67.773328855839,63,110.400067332569,1,105.399967332569,7,,,101.773528855839,1,100.773428855839,1
68.294761224656,64,110.400067332569,0,106.01245605102,8,,,101.773528855839,0,100.773428855839,0
68.395795999965,65,111.400067332569,1,106.399967332569,7,,,102.773528855839,1,101.773428855839,1
68.632680586152,66,111.400067332569,0,107.031114781039,8,,,102.773528855839,0,101.773428855839,0
68.773328855839,65,112.400067332569,1,107.399967332569,7,,,103.773528855839,1,102.773428855839,1
69.632680586152,66,112.400067332569,0,108.399967332569,6,,,103.773528855839,0,102.773428855839,0
69.773328855839,65,113.400067332569,1,109.252621679513,7,,,104.773528855839,1,103.773428855839,1
70.632680586152,66,113.400067332569,0,109.399967332569,6,,,104.773528855839,0,103.773428855839,0
70.773328855839,65,114.400067332569,1,110.392229643046,7,,,105.773528855839,1,104.773428855839,1
71.632680586152,66,114.400067332569,0,110.399967332569,6,,,105.773528855839,0,104.773428855839,0
71.773328855839,65,115.400067332569,1,110.988609037376,7,,,106.773528855839,1,105.773428855839,1
71.969384372309,66,115.400067332569,0,111.399967332569,6,,,106.773528855839,0,105.773428855839,0
72.632680586152,67,116.400067332569,1,112.399967332569,5,,,107.773528855839,1,106.773428855839,1
72.773328855839,66,116.400067332569,0,113.399967332569,4,,,107.773528855839,0,106.773428855839,0
73.773328855839,65,117.400067332569,1,114.399967332569,3,,,108.773528855839,1,107.773428855839,1
74.074705673101,66,117.400067332569,0,114.83161562062,4,,,108.773528855839,0,107.773428855839,0
74.132032599525,67,118.400067332569,1,115.399967332569,3,,,109.773528855839,1,108.773428855839,1
74.293319858336,68,118.400067332569,0,116.399967332569,2,,,109.773528855839,0,108.773428855839,0
74.773328855839,67,119.400067332569,1,116.512537825166,3,,,110.773528855839,1,109.773428855839,1
75.060511096426,68,119.400067332569,0,117.399967332569,2,,,110.773528855839,0,109.773428855839,0
75.293319858336,69,120.400067332569,1,117.63781984201,3,,,111.773528855839,1,110.773428855839,1
75.660457983067,70,120.400067332569,0,117.92523031808,4,,,111.773528855839,0,110.773428855839,0
75.773328855839,69,121.400067332569,1,118.399967332569,3,,,112.773528855839,1,111.773428855839,1
76.293319858336,70,121.400067332569,0,118.795766144406,4,,,112.773528855839,0,111.773428855839,0
76.773328855839,69,122.400067332569,1,119.171504986813,5,,,113.773528855839,1,112.773428855839,1
77.004703255219,70,122.400067332569,0,119.399967332569,4,,,113.773528855839,0,112.773428855839,0
77.024893383365,71,123.400067332569,1,120.399967332569,3,,,114.773528855839,1,113.773428855839,1
77.064869682423,72,123.400067332569,0,121.399967332569,2,,,114.773528855839,0,113.773428855839,0
77.64774807129,73,124.400067332569,1,122.399967332569,1,,,115.773528855839,1,114.773428855839,1
77.773328855839,72,124.400067332569,0,122.535875439864,2,,,115.773528855839,0,114.773428855839,0
78.773328855839,71,125.400067332569,1,123.399967332569,1,,,116.773528855839,1,115.773428855839,1
79.400167332569,72,125.400067332569,0,123.827784708665,2,,,116.773528855839,0,115.773428855839,0
79.773328855839,71,126.400067332569,1,124.399967332569,1,,,117.773528855839,1,116.773428855839,1
80.400167332569,72,126.400067332569,0,124.523584169565,2,,,117.773528855839,0,116.773428855839,0
80.773328855839,71,127.400067332569,1,125.399967332569,1,,,118.773528855839,1,117.773428855839,1
81.400167332569,72,127.400067332569,0,126.399967332569,0,,,118.773528855839,0,117.773428855839,0
81.539318194135,73,128.649152527223,1,127.649052527223,1,,,119.773528855839,1,118.773428855839,1
81.773328855839,72,128.649152527223,0,127.649052527223,0,,,119.773528855839,0,118.773428855839,0
82.074202569892,73,129.649152527223,1,128.58145540763,1,,,120.773528855839,1,119.773428855839,1
82.400167332569,74,129.649152527223,0,128.600835188978,2,,,120.773528855839,0,119.773428855839,0
82.773328855839,73,130.649152527223,1,128.649052527223,1,,,121.773528855839,1,120.773428855839,1
83.400167332569,74,130.649152527223,0,129.235962904609,2,,,121.773528855839,0,120.773428855839,0
83.773328855839,73,131.649152527223,1,129.649052527223,1,,,122.773528855839,1,121.773428855839,1
84.400167332569,74,131.649152527223,0,130.495006421873,2,,,122.773528855839,0,121.773428855839,0
84.578114352977,75,132.649152527223,1,130.649052527223,1,,,123.773528855839,1,122.773428855839,1
84.773328855839,74,132.649152527223,0,130.834671154455,2,,,123.773528855839,0,122.773428855839,0
85.400167332569,75,133.649152527223,1,131.318306841044,3,,,124.773528855839,1,123.773428855839,1
85.410957869043,76,133.649152527223,0,131.649052527223,2,,,124.773528855839,0,123.773428855839,0
85.773328855839,75,134.649152527223,1,132.649052527223,1,,,125.773528855839,1,124.773428855839,1
86.400167332569,76,134.649152527223,0,132.701286047581,2,,,125.773528855839,0,124.773428855839,0
86.773328855839,75,135.649152527223,1,132.846860026029,3,,,126.773528855839,1,125.773428855839,1
87.400167332569,76,135.649152527223,0,132.955407124524,4,,,126.773528855839,0,125.773428855839,0
87.41419839155,77,136.649152527223,1,133.309631256769,5,,,127.773528855839,1,126.773428855839,1
87.512848699968,78,136.649152527223,0,133.406554011346,6,,,127.773528855839,0,126.773428855839,0
87.773328855839,77,137.649152527223,1,133.649052527223,5,,,128.773528855839,1,127.773428855839,1
88.400167332569,78,137.649152527223,0,134.250442483937,6,,,128.773528855839,0,127.773428855839,0
88.773328855839,77,138.649152527223,1,134.649052527223,5,,,129.773528855839,1,128.773428855839,1
89.400167332569,78,138.649152527223,0,134.687470497711,6,,,129.773528855839,0,128.773428855839,0
89.773328855839,77,139.649152527223,1,135.49002248347,7,,,130.773528855839,1,129.773428855839,1
90.053153207927,78,139.649152527223,0,135.524225901828,8,,,130.773528855839,0,129.773428855839,0
90.139923690267,79,140.649152527223,1,135.649052527223,7,,,131.773528855839,1,130.773428855839,1
90.400167332569,80,140.649152527223,0,136.583235287209,8,,,131.773528855839,0,130.773428855839,0
90.773328855839,79,141.649152527223,1,136.649052527223,7,,,132.773528855839,1,131.773428855839,1
91.400167332569,80,141.649152527223,0,137.639084895869,8,,,132.773528855839,0,131.773428855839,0
91.773328855839,79,142.649152527223,1,137.649052527223,7,,,133.773528855839,1,132.773428855839,1
92.400167332569,80,142.649152527223,0,138.026214988018,8,,,133.773528855839,0,132.773428855839,0
92.773328855839,79,143.649152527223,1,138.590825489139,9,,,134.773528855839,1,133.773428855839,1
92.789179618943,80,143.649152527223,0,138.649052527223,8,,,134.773528855839,0,133.773428855839,0
92.930510332504,81,144.649152527223,1,138.840906984117,9,,,135.773528855839,1,134.773428855839,1
93.400167332569,82,144.649152527223,0,139.649052527223,8,,,135.773528855839,0,134.773428855839,0
93.773328855839,81,145.649152527223,1,140.649052527223,7,,,136.773528855839,1,135.773428855839,1
93.972290986683,82,145.649152527223,0,141.109540976809,8,,,136.773528855839,0,135.773428855839,0
94.400167332569,83,146.649152527223,1,141.649052527223,7,,,137.773528855839,1,136.773428855839,1
94.773328855839,82,146.649152527223,0,142.649052527223,6,,,137.773528855839,0,136.773428855839,0
95.232224796792,83,147.649152527223,1,143.334455634034,7,,,138.773528855839,1,137.773428855839,1
95.400167332569,84,147.649152527223,0,143.636021547257,8,,,138.773528855839,0,137.773428855839,0
95.573878963818,85,148.649152527223,1,143.649052527223,7,,,139.773528855839,1,138.773428855839,1
95.773328855839,84,148.649152527223,0,144.649052527223,6,,,139.773528855839,0,138.773428855839,0
95.88139668758,85,149.649152527223,1,145.276919125184,7,,,140.773528855839,1,139.773428855839,1
96.083747126147,86,149.649152527223,0,145.649052527223,6,,,140.773528855839,0,139.773428855839,0
96.400167332569,87,150.649152527223,1,146.493938620521,7,,,141.773528855839,1,140.773428855839,1
96.773328855839,86,150.649152527223,0,146.598820456121,8,,,141.773528855839,0,140.773428855839,0
96.966876168106,87,151.649152527223,1,146.649052527223,7,,,142.773528855839,1,141.773428855839,1
96.987188626902,88,151.649152527223,0,147.033166112065,8,,,142.773528855839,0,141.773428855839,0
97.167440878887,89,152.649152527223,1,147.649052527223,7,,,143.773528855839,1,142.773428855839,1
97.400167332569,90,152.649152527223,0,148.285773636977,8,,,143.773528855839,0,142.773428855839,0
97.773328855839,89,153.649152527223,1,148.649052527223,7,,,144.773528855839,1,143.773428855839,1
98.400167332569,90,153.649152527223,0,148.9192362547,8,,,144.773528855839,0,143.773428855839,0
98.773328855839,89,154.649152527223,1,149.649052527223,7,,,145.773528855839,1,144.773428855839,1
98.9331819513,90,154.649152527223,0,150.649052527223,6,,,145.773528855839,0,144.773428855839,0
99.400167332569,91,155.649152527223,1,151.649052527223,5,,,146.773528855839,1,145.773428855839,1
99.773328855839,90,155.649152527223,0,152.649052527223,4,,,146.773528855839,0,145.773428855839,0
99.776264983448,91,156.649152527223,1,153.649052527223,3,,,147.773528855839,1,146.773428855839,1
100.400167332569,92,156.649152527223,0,154.649052527223,2,,,147.773528855839,0,146.773428855839,0
100.773328855839,91,157.649152527223,1,155.649052527223,1,,,148.773528855839,1,147.773428855839,1
101.105022857198,92,157.649152527223,0,155.684626774637,2,,,148.773528855839,0,147.773428855839,0
101.400167332569,93,158.649152527223,1,156.394544701861,3,,,149.773528855839,1,148.773428855839,1
101.672927010678,94,158.649152527223,0,156.577083303744,4,,,149.773528855839,0,148.773428855839,0
101.773328855839,93,159.649152527223,1,156.649052527223,3,,,150.773528855839,1,149.773428855839,1
101.958947983186,94,159.649152527223,0,156.709267013359,4,,,150.773528855839,0,149.773428855839,0
102.400167332569,95,160.649152527223,1,157.649052527223,3,,,151.773528855839,1,150.773428855839,1
102.773328855839,94,160.649152527223,0,158.593195899945,4,,,151.773528855839,0,150.773428855839,0
103.36997239248,95,161.649152527223,1,158.649052527223,3,,,152.773528855839,1,151.773428855839,1
103.400167332569,96,161.649152527223,0,159.649052527223,2,,,152.773528855839,0,151.773428855839,0
103.773328855839,95,162.649152527223,1,160.239915001272,3,,,153.773528855839,1,152.773428855839,1
104.228365360309,96,162.649152527223,0,160.649052527223,2,,,153.773528855839,0,152.773428855839,0
104.400167332569,97,163.649152527223,1,161.081795963004,3,,,154.773528855839,1,153.773428855839,1
104.732709166897,98,163.649152527223,0,161.115582748556,4,,,154.773528855839,0,153.773428855839,0
104.773328855839,97,164.649152527223,1,161.187258132869,5,,,155.773528855839,1,154.773428855839,1
105.400167332569,98,164.649152527223,0,161.649052527223,4,,,155.773528855839,0,154.773428855839,0
105.773328855839,97,165.649152527223,1,162.649052527223,3,,,156.773528855839,1,155.773428855839,1
106.400167332569,98,165.649152527223,0,163.649052527223,2,,,156.773528855839,0,155.773428855839,0
106.773328855839,97,166.649152527223,1,164.649052527223,1,,,157.773528855839,1,156.773428855839,1
106.996442742758,98,166.649152527223,0,165.237104971674,2,,,157.773528855839,0,156.773428855839,0
107.248862735649,99,167.649152527223,1,165.289017523857,3,,,158.773528855839,1,157.773428855839,1
107.400167332569,100,167.649152527223,0,165.649052527223,2,,,158.773528855839,0,157.773428855839,0
107.773328855839,99,168.649152527223,1,166.649052527223,1,,,159.773528855839,1,158.773428855839,1
108.400167332569,100,168.649152527223,0,167.301790260063,2,,,159.773528855839,0,158.773428855839,0
108.773328855839,99,169.649152527223,1,167.318558026055,3,,,160.773528855839,1,159.773428855839,1
109.400167332569,100,169.649152527223,0,167.649052527223,2,,,160.773528855839,0,159.773428855839,0
109.773328855839,99,170.649152527223,1,168.649052527223,1,,,161.773528855839,1,160.773428855839,1
110.301144392533,100,170.649152527223,0,169.255135263546,2,,,161.773528855839,0,160.773428855839,0
110.400167332569,101,171.649152527223,1,169.517464572712,3,,,162.773528855839,1,161.773428855839,1
110.773328855839,100,171.649152527223,0,169.52924780463,4,,,162.773528855839,0,161.773428855839,0
110.893768419985,101,172.649152527223,1,169.649052527223,3,,,163.773528855839,1,162.773428855839,1
111.400167332569,102,172.649152527223,0,170.649052527223,2,,,163.773528855839,0,162.773428855839,0
111.773328855839,101,173.649152527223,1,170.977041886618,3,,,164.773528855839,1,163.773428855839,1
112.400167332569,102,173.649152527223,0,171.649052527223,2,,,164.773528855839,0,163.773428855839,0
112.767228299842,103,174.649152527223,1,172.286340250641,3,,,165.773528855839,1,164.773428855839,1
112.773328855839,102,174.649152527223,0,172.649052527223,2,,,165.773528855839,0,164.773428855839,0
113.400167332569,103,175.649152527223,1,173.649052527223,1,,,166.773528855839,1,165.773428855839,1
113.773328855839,102,175.649152527223,0,173.672631602662,2,,,166.773528855839,0,165.773428855839,0
113.969466867089,103,176.649152527223,1,174.345092119496,3,,,167.773528855839,1,166.773428855839,1
114.092993514451,104,176.649152527223,0,174.649052527223,2,,,167.773528855839,0,166.773428855839,0
114.400167332569,105,177.649152527223,1,174.759071042169,3,,,168.773528855839,1,167.773428855839,1
114.446013647725,106,177.649152527223,0,174.77776651259,4,,,168.773528855839,0,167.773428855839,0
114.773328855839,105,178.649152527223,1,174.965285463793,5,,,169.773528855839,1,168.773428855839,1
115.400167332569,106,178.649152527223,0,175.587882807771,6,,,169.773528855839,0,168.773428855839,0
115.773328855839,105,179.649152527223,1,175.649052527223,5,,,170.773528855839,1,169.773428855839,1
115.902832206289,106,179.649152527223,0,175.841388512914,6,,,170.773528855839,0,169.773428855839,0
116.400167332569,107,180.649152527223,1,176.649052527223,5,,,171.773528855839,1,170.773428855839,1
116.433554702906,108,180.649152527223,0,177.649052527223,4,,,171.773528855839,0,170.773428855839,0
116.773328855839,107,181.649152527223,1,177.917419573357,5,,,172.773528855839,1,171.773428855839,1
116.938573450661,108,181.649152527223,0,178.649052527223,4,,,172.773528855839,0,171.773428855839,0
117.400167332569,109,182.649152527223,1,179.649052527223,3,,,173.773528855839,1,172.773428855839,1
117.773328855839,108,182.649152527223,0,180.549638435906,4,,,173.773528855839,0,172.773428855839,0
118.400167332569,109,183.649152527223,1,180.649052527223,3,,,174.773528855839,1,173.773428855839,1
118.773328855839,108,183.649152527223,0,181.649052527223,2,,,174.773528855839,0,173.773428855839,0
119.068072846729,109,184.649152527223,1,181.768435239249,3,,,175.773528855839,1,174.773428855839,1
119.400167332569,110,184.649152527223,0,181.948392580801,4,,,175.773528855839,0,174.773428855839,0
119.773328855839,109,185.649152527223,1,182.641592350339,5,,,176.773528855839,1,175.773428855839,1
120.400167332569,110,185.649152527223,0,182.649052527223,4,,,176.773528855839,0,175.773428855839,0
120.773328855839,109,186.649152527223,1,183.613074508434,5,,,177.773528855839,1,176.773428855839,1
121.202903296712,110,186.649152527223,0,183.649052527223,4,,,177.773528855839,0,176.773428855839,0
121.400167332569,111,187.649152527223,1,184.649052527223,3,,,178.773528855839,1,177.773428855839,1
121.773328855839,110,187.649152527223,0,184.814045414976,4,,,178.773528855839,0,177.773428855839,0
122.382286230357,111,188.649152527223,1,185.649052527223,3,,,179.773528855839,1,178.773428855839,1
122.400167332569,112,188.649152527223,0,186.649052527223,2,,,179.773528855839,0,178.773428855839,0
122.773328855839,111,189.649152527223,1,187.535393670889,3,,,180.773528855839,1,179.773428855839,1
123.270147640794,112,189.649152527223,0,187.649052527223,2,,,180.773528855839,0,179.773428855839,0
123.400167332569,113,190.649152527223,1,187.846361475859,3,,,181.773528855839,1,180.773428855839,1
123.773328855839,112,190.649152527223,0,188.649052527223,2,,,181.773528855839,0,180.773428855839,0
124.34798252493,113,191.649152527223,1,188.798191183401,3,,,182.773528855839,1,181.773428855839,1
124.400167332569,114,191.649152527223,0,189.649052527223,2,,,182.773528855839,0,181.773428855839,0
124.773328855839,113,192.649152527223,1,189.934787678658,3,,,183.773528855839,1,182.773428855839,1
125.109850296226,114,192.649152527223,0,190.649052527223,2,,,183.773528855839,0,182.773428855839,0
125.371907537901,115,193.649152527223,1,190.826166255568,3,,,184.773528855839,1,183.773428855839,1
125.400167332569,116,193.649152527223,0,191.649052527223,2,,,184.773528855839,0,183.773428855839,0
125.773328855839,115,194.649152527223,1,192.215843319344,3,,,185.773528855839,1,184.773428855839,1
126.400167332569,116,194.649152527223,0,192.649052527223,2,,,185.773528855839,0,184.773428855839,0
126.404704548546,117,195.649152527223,1,193.649052527223,1,,,186.773528855839,1,185.773428855839,1
126.773328855839,116,195.649152527223,0,194.649052527223,0,,,186.773528855839,0,185.773428855839,0
126.907015346807,117,196.649152527223,1,195.553777653198,1,,,187.773528855839,1,186.773428855839,1
127.400167332569,118,196.649152527223,0,195.649052527223,0,,,187.773528855839,0,186.773428855839,0
127.458411336941,119,197.649152527223,1,195.759809701681,1,,,188.773528855839,1,187.773428855839,1
127.773328855839,118,197.649152527223,0,196.649052527223,0,,,188.773528855839,0,187.773428855839,0
128.400167332569,119,199.64898529358,1,198.64888529358,1,,,189.773528855839,1,188.773428855839,1
128.422864902435,120,199.64898529358,0,198.64888529358,0,,,189.773528855839,0,188.773428855839,0
128.773328855839,119,,,199.323129863216,1,,,190.773528855839,1,189.773428855839,1
129.066969610758,120,,,199.581142627156,2,,,190.773528855839,0,189.773428855839,0
129.425896826628,121,,,199.64888529358,1,,,191.773528855839,1,190.773428855839,1
129.649252527223,122,,,,,,,191.773528855839,0,190.773428855839,0
129.773328855839,121,,,,,,,192.773528855839,1,191.773428855839,1
130.505217025284,122,,,,,,,192.773528855839,0,191.773428855839,0
130.649252527223,123,,,,,,,193.773528855839,1,192.773428855839,1
130.773328855839,122,,,,,,,193.773528855839,0,192.773428855839,0
130.847816649982,123,,,,,,,194.773528855839,1,193.773428855839,1
131.649252527223,124,,,,,,,194.773528855839,0,193.773428855839,0
131.773328855839,123,,,,,,,195.773528855839,1,194.773428855839,1
131.810191705753,124,,,,,,,195.773528855839,0,194.773428855839,0
132.370152775827,125,,,,,,,196.773528855839,1,195.773428855839,1
132.649252527223,126,,,,,,,196.773528855839,0,195.773428855839,0
132.773328855839,125,,,,,,,197.773528855839,1,196.773428855839,1
133.649252527223,126,,,,,,,197.773528855839,0,196.773428855839,0
133.773328855839,125,,,,,,,198.773528855839,1,197.773428855839,1
134.477600380777,126,,,,,,,198.773528855839,0,197.773428855839,0
134.649252527223,127,,,,,,,199.773528855839,1,198.773428855839,1
134.773328855839,126,,,,,,,199.773528855839,0,198.773428855839,0
135.371329459083,127,,,,,,,,,199.773428855839,1
135.649252527223,128,,,,,,,,,199.773428855839,0
135.773328855839,127,,,,,,,,,,
136.225409194726,128,,,,,,,,,,
136.649252527223,129,,,,,,,,,,
136.773328855839,128,,,,,,,,,,
137.649252527223,129,,,,,,,,,,
137.773328855839,128,,,,,,,,,,
138.649252527223,129,,,,,,,,,,
138.773328855839,128,,,,,,,,,,
139.649252527223,129,,,,,,,,,,
139.697944674008,130,,,,,,,,,,
139.773328855839,129,,,,,,,,,,
139.850238299262,130,,,,,,,,,,
140.30841118322,131,,,,,,,,,,
140.410731798073,132,,,,,,,,,,
140.649252527223,133,,,,,,,,,,
140.773328855839,132,,,,,,,,,,
140.983193349501,133,,,,,,,,,,
141.649252527223,134,,,,,,,,,,
141.773328855839,133,,,,,,,,,,
142.649252527223,134,,,,,,,,,,
142.773328855839,133,,,,,,,,,,
143.649252527223,134,,,,,,,,,,
143.773328855839,133,,,,,,,,,,
144.649252527223,134,,,,,,,,,,
144.773328855839,133,,,,,,,,,,
145.121003110011,134,,,,,,,,,,
145.649252527223,135,,,,,,,,,,
145.773328855839,134,,,,,,,,,,
145.891079969557,135,,,,,,,,,,
146.485153467881,136,,,,,,,,,,
146.59076611151,137,,,,,,,,,,
146.649252527223,138,,,,,,,,,,
146.773328855839,137,,,,,,,,,,
147.649252527223,138,,,,,,,,,,
147.773328855839,137,,,,,,,,,,
148.649252527223,138,,,,,,,,,,
148.773328855839,137,,,,,,,,,,
149.110048241593,138,,,,,,,,,,
149.649252527223,139,,,,,,,,,,
149.773328855839,138,,,,,,,,,,
150.649252527223,139,,,,,,,,,,
150.773328855839,138,,,,,,,,,,
150.94978102667,139,,,,,,,,,,
151.111651113382,140,,,,,,,,,,
151.649252527223,141,,,,,,,,,,
151.773328855839,140,,,,,,,,,,
152.649252527223,141,,,,,,,,,,
152.773328855839,140,,,,,,,,,,
153.461828403133,141,,,,,,,,,,
153.649252527223,142,,,,,,,,,,
153.773328855839,141,,,,,,,,,,
154.649252527223,142,,,,,,,,,,
154.773328855839,141,,,,,,,,,,
155.487737220236,142,,,,,,,,,,
155.526020133121,143,,,,,,,,,,
155.649252527223,144,,,,,,,,,,
155.703345708266,145,,,,,,,,,,
155.773328855839,144,,,,,,,,,,
156.649252527223,145,,,,,,,,,,
156.659312132188,146,,,,,,,,,,
156.773328855839,145,,,,,,,,,,
157.649252527223,146,,,,,,,,,,
157.773328855839,145,,,,,,,,,,
158.169135587797,146,,,,,,,,,,
158.649252527223,147,,,,,,,,,,
158.773328855839,146,,,,,,,,,,
159.649252527223,147,,,,,,,,,,
159.773328855839,146,,,,,,,,,,
160.171122083323,147,,,,,,,,,,
160.649252527223,148,,,,,,,,,,
160.70112496146,149,,,,,,,,,,
160.773328855839,148,,,,,,,,,,
160.851915971654,149,,,,,,,,,,
161.374786001742,150,,,,,,,,,,
161.649252527223,151,,,,,,,,,,
161.773328855839,150,,,,,,,,,,
162.570224568024,151,,,,,,,,,,
162.649252527223,152,,,,,,,,,,
162.773328855839,151,,,,,,,,,,
163.037497134434,152,,,,,,,,,,
163.641796206282,153,,,,,,,,,,
163.649252527223,154,,,,,,,,,,
163.773328855839,153,,,,,,,,,,
164.186653334427,154,,,,,,,,,,
164.649252527223,155,,,,,,,,,,
164.773328855839,154,,,,,,,,,,
165.466987538239,155,,,,,,,,,,
165.649252527223,156,,,,,,,,,,
165.773328855839,155,,,,,,,,,,
165.921899383031,156,,,,,,,,,,
166.649252527223,157,,,,,,,,,,
166.773328855839,156,,,,,,,,,,
167.649252527223,157,,,,,,,,,,
167.773328855839,156,,,,,,,,,,
168.649252527223,157,,,,,,,,,,
168.773328855839,156,,,,,,,,,,
169.631859974935,157,,,,,,,,,,
169.649252527223,158,,,,,,,,,,
169.773328855839,157,,,,,,,,,,
170.078112795454,158,,,,,,,,,,
170.649252527223,159,,,,,,,,,,
170.773328855839,158,,,,,,,,,,
171.649252527223,159,,,,,,,,,,
171.773328855839,158,,,,,,,,,,
172.649252527223,159,,,,,,,,,,
172.773328855839,158,,,,,,,,,,
172.962724547556,159,,,,,,,,,,
173.151019522775,160,,,,,,,,,,
173.565632065434,161,,,,,,,,,,
173.649252527223,162,,,,,,,,,,
173.773328855839,161,,,,,,,,,,
174.301763165421,162,,,,,,,,,,
174.35763321831,163,,,,,,,,,,
174.580772426411,164,,,,,,,,,,
174.649252527223,165,,,,,,,,,,
174.773328855839,164,,,,,,,,,,
174.77860193387,165,,,,,,,,,,
175.649252527223,166,,,,,,,,,,
175.773328855839,165,,,,,,,,,,
176.357014655976,166,,,,,,,,,,
176.649252527223,167,,,,,,,,,,
176.773328855839,166,,,,,,,,,,
176.780671757333,167,,,,,,,,,,
177.649252527223,168,,,,,,,,,,
177.773328855839,167,,,,,,,,,,
178.649252527223,168,,,,,,,,,,
178.773328855839,167,,,,,,,,,,
179.649252527223,168,,,,,,,,,,
179.66521604574,169,,,,,,,,,,
179.773328855839,168,,,,,,,,,,
180.602354763463,169,,,,,,,,,,
180.649252527223,170,,,,,,,,,,
180.773328855839,169,,,,,,,,,,
181.510318790788,170,,,,,,,,,,
181.542675595433,171,,,,,,,,,,
181.649252527223,172,,,,,,,,,,
181.773328855839,171,,,,,,,,,,
182.649252527223,172,,,,,,,,,,
182.773328855839,171,,,,,,,,,,
183.0735068217,172,,,,,,,,,,
183.125189727495,173,,,,,,,,,,
183.649252527223,174,,,,,,,,,,
183.773328855839,173,,,,,,,,,,
183.986113364176,174,,,,,,,,,,
184.257781434518,175,,,,,,,,,,
184.649252527223,176,,,,,,,,,,
184.773328855839,175,,,,,,,,,,
185.649252527223,176,,,,,,,,,,
185.773328855839,175,,,,,,,,,,
186.649252527223,176,,,,,,,,,,
186.773328855839,175,,,,,,,,,,
187.649252527223,176,,,,,,,,,,
187.773328855839,175,,,,,,,,,,
188.649252527223,176,,,,,,,,,,
188.773328855839,175,,,,,,,,,,
189.136914322512,176,,,,,,,,,,
189.649252527223,177,,,,,,,,,,
189.773328855839,176,,,,,,,,,,
189.903993977084,177,,,,,,,,,,
190.649252527223,178,,,,,,,,,,
190.773328855839,177,,,,,,,,,,
191.649252527223,178,,,,,,,,,,
191.773328855839,177,,,,,,,,,,
191.901165944574,178,,,,,,,,,,
192.649252527223,179,,,,,,,,,,
192.773328855839,178,,,,,,,,,,
193.210951315936,179,,,,,,,,,,
193.584837811839,180,,,,,,,,,,
193.649252527223,181,,,,,,,,,,
193.773328855839,180,,,,,,,,,,
194.392817865238,181,,,,,,,,,,
194.649252527223,182,,,,,,,,,,
194.773328855839,181,,,,,,,,,,
194.900682987925,182,,,,,,,,,,
195.139435860773,183,,,,,,,,,,
195.374960434192,184,,,,,,,,,,
195.626559047305,185,,,,,,,,,,
195.649252527223,186,,,,,,,,,,
195.773328855839,185,,,,,,,,,,
195.873418316104,186,,,,,,,,,,
196.649252527223,187,,,,,,,,,,
196.716397091518,188,,,,,,,,,,
196.773328855839,187,,,,,,,,,,
197.649252527223,188,,,,,,,,,,
197.773328855839,187,,,,,,,,,,
198.061744524752,188,,,,,,,,,,
198.649252527223,189,,,,,,,,,,
198.663423511276,190,,,,,,,,,,
198.773328855839,189,,,,,,,,,,
199.773328855839,188,,,,,,,,,,
